<?xml version="1.0" encoding="UTF-8"?><rss version="2.0"
	xmlns:content="http://purl.org/rss/1.0/modules/content/"
	xmlns:dc="http://purl.org/dc/elements/1.1/"
	xmlns:atom="http://www.w3.org/2005/Atom"
	xmlns:sy="http://purl.org/rss/1.0/modules/syndication/"
	
	>
<channel>
	<title>
	Comments on: Akibat Tersesat, Suster Cantik di Genjot Satpam Dengan Kontol 17cm Sampai Kenikmatan Crot di Mulut – Ceritasex8	</title>
	<atom:link href="/akibat-tersesat-suster-cantik-di-genjot-satpam-dengan-kontol-17cm-sampai-kenikmatan-crot-di-mulut-ceritasex8/feed/" rel="self" type="application/rss+xml" />
	<link>/akibat-tersesat-suster-cantik-di-genjot-satpam-dengan-kontol-17cm-sampai-kenikmatan-crot-di-mulut-ceritasex8/</link>
	<description>Kumpulan Cerita Dewasa, Cerita Seks Dewasa Terbaru, Cerita Panas, perawan dan Cerita Sex Yang Diangkat Dari Kisah Nyata Setiap Hari Di update</description>
	<lastBuildDate>Thu, 08 Aug 2024 16:13:35 +0000</lastBuildDate>
	<sy:updatePeriod>
	hourly	</sy:updatePeriod>
	<sy:updateFrequency>
	1	</sy:updateFrequency>
	<generator>https://wordpress.org/?v=6.6.1</generator>
</channel>
</rss>
