<?xml version="1.0" encoding="UTF-8"?><rss version="2.0"
	xmlns:content="http://purl.org/rss/1.0/modules/content/"
	xmlns:dc="http://purl.org/dc/elements/1.1/"
	xmlns:atom="http://www.w3.org/2005/Atom"
	xmlns:sy="http://purl.org/rss/1.0/modules/syndication/"
	
	>
<channel>
	<title>
	Comments on: Cerita Bokep Perawanku Hilang Karena Dildo	</title>
	<atom:link href="/cerita-bokep-perawanku-hilang-karena-dildo/feed/" rel="self" type="application/rss+xml" />
	<link>/cerita-bokep-perawanku-hilang-karena-dildo/</link>
	<description>Kumpulan Cerita Dewasa, Cerita Seks Dewasa Terbaru, Cerita Panas, perawan dan Cerita Sex Yang Diangkat Dari Kisah Nyata Setiap Hari Di update</description>
	<lastBuildDate>Thu, 08 Aug 2024 17:08:53 +0000</lastBuildDate>
	<sy:updatePeriod>
	hourly	</sy:updatePeriod>
	<sy:updateFrequency>
	1	</sy:updateFrequency>
	<generator>https://wordpress.org/?v=6.6.1</generator>
</channel>
</rss>
