<?xml version="1.0" encoding="UTF-8"?><rss version="2.0"
	xmlns:content="http://purl.org/rss/1.0/modules/content/"
	xmlns:dc="http://purl.org/dc/elements/1.1/"
	xmlns:atom="http://www.w3.org/2005/Atom"
	xmlns:sy="http://purl.org/rss/1.0/modules/syndication/"
	
	>
<channel>
	<title>
	Comments on: Kisah ini sebenarnya berlaku beberapa tahun lalu	</title>
	<atom:link href="/kisah-ini-sebenarnya-berlaku-beberapa-tahun-lalu/feed/" rel="self" type="application/rss+xml" />
	<link>/kisah-ini-sebenarnya-berlaku-beberapa-tahun-lalu/</link>
	<description>Kumpulan Cerita Dewasa, Cerita Seks Dewasa Terbaru, Cerita Panas, perawan dan Cerita Sex Yang Diangkat Dari Kisah Nyata Setiap Hari Di update</description>
	<lastBuildDate>Fri, 09 Aug 2024 22:29:05 +0000</lastBuildDate>
	<sy:updatePeriod>
	hourly	</sy:updatePeriod>
	<sy:updateFrequency>
	1	</sy:updateFrequency>
	<generator>https://wordpress.org/?v=6.6.1</generator>
</channel>
</rss>
