<?xml version="1.0" encoding="UTF-8"?><rss version="2.0"
	xmlns:content="http://purl.org/rss/1.0/modules/content/"
	xmlns:dc="http://purl.org/dc/elements/1.1/"
	xmlns:atom="http://www.w3.org/2005/Atom"
	xmlns:sy="http://purl.org/rss/1.0/modules/syndication/"
	
	>
<channel>
	<title>
	Comments on: Lubang pantat isteri dihenjut 2 batang orang lain	</title>
	<atom:link href="/lubang-pantat-isteri-dihenjut-2-batang-orang-lain/feed/" rel="self" type="application/rss+xml" />
	<link>/lubang-pantat-isteri-dihenjut-2-batang-orang-lain/</link>
	<description>Kumpulan Cerita Dewasa, Cerita Seks Dewasa Terbaru, Cerita Panas, perawan dan Cerita Sex Yang Diangkat Dari Kisah Nyata Setiap Hari Di update</description>
	<lastBuildDate>Sat, 10 Aug 2024 00:58:49 +0000</lastBuildDate>
	<sy:updatePeriod>
	hourly	</sy:updatePeriod>
	<sy:updateFrequency>
	1	</sy:updateFrequency>
	<generator>https://wordpress.org/?v=6.6.1</generator>
</channel>
</rss>
